name,translation
Adductors,فوم رولر داخل ران
Adductor,فوم رولر داخل ران
Anterior Tibialis-SMR,فوم رولر جلو ساق پا
Brachialis-SMR,فوم رولر بازو
Calves-SMR,فوم رولر پشت ساق پا
Foot-SMR,رهاسازی پا
Hamstring-SMR,فوم رولر پشت ساق ران
Iliotibial Tract-SMR,فوم رولر خارج ران
Latissimus Dorsi-SMR,فوم رولر پشتی بزرگ
Latissimus Dorsi,فوم رولر پشتی بزرگ
Levator Scapulae,فوم رولر عضله بالا برنده کتف
Lower Back-SMR,فوم رولر کمر
Neck-SMR,رهاسازی گردن
Peroneals-SMR,فوم رولر خارج ساق
Piriformis-SMR,فوم رولر باسن
Quadriceps-SMR,فوم رولر جلو ران
Rhomboids-SMR,فوم رولر پشت
Sternocleidomastoid,رهاسازی گردن
tensorfacialLatae,فوم رولر خارج ران
Thoracic Spine,فوم رولر پشت
Upper Trapezius,رهاسازی عضله ذوزنقه
Belly Twist,پیچش شکم
Extended Angle1,زاویه بازشده1
Extended Angle2,زاویه بازشده2
Extended Angle3,زاویه بازشده3
Hip Flexor + Thoracic Rotation Stretch,فلکسور ران + کشش چرخشی قفسه سینه
Iliopsoas Stretch - In-line Lunge,لانج خطی و کشش عضله ایلیوسوئز
King Pigeon with Back-bend,شاه کبوتر با پشت خم
King Pigeon with Twist,شاه کبوتر با پیچ و تاب
Knee Rolling - Bilateral - Head + Arm Rotation,چرخش زانو - دو طرفه - چرخش سر + بازو
Knee Rolling - Bilateral- Head Rotation,چرخش زانو - دو طرفه - چرخش سر
Knee Rolling - Head Rotation- Bent Knee,چرخش زانو - چرخش سر - زانو خم
Mermaid - Lateral Spine Stretch,پری دریایی - کشش جانبی ستون فقرات
Piriformis + Outer Hip Stretch,کشش پیریفورمیس +  بیرونی باسن
Piriformis - Outer Hip Stretch Side-Sitting 2,کشش پیریفورمیس - بیرونی باسن به پهلو 2
Quadriceps + Thoracic Rotation Stretch,کشش چهار سر ران + چرخش قفسه سینه
Revolving Head to Knee - Seated,چرخان سر تا زانو - نشسته
Seated Twist (Pretzel),چرخش نشسته 
Side Bend Plank,پلانک خم جانبی
Side Bend Prep,آماده سازی خم جانبی
Side Kick Kneeling + Leg Lift,زانو زدن به پهلو + بلند کردن پا
Supine Lying + Sidebending,خوابیده به پشت + خم شدن به پهلو
Thoracic Rotation - Plank Lunge Stance - Hand Behind Head,چرخش قفسه سینه - ایستادن لانج پلانک - دست پشت سر
Thoracic Rotation -Plank Lunge Stance - Hand High,چرخش قفسه سینه - ایستادن لانج پلانک  - دست بالا
Thoracic Rotation- Plank Lunge Stance - Hand Behind Back,چرخش قفسه سینه - حالت لانج پلانک - دست پشت سر
Trunk Sideflexion Stretch,کشش خم شدن جانبی تنه
Exalted Warrior,جنگجوی والا
High Warrior,جنگجوی بالا
Trunk Extension Stretch,کشش بازشدن تنه
Warrior 1,جنگجو 1
Warrior 2,جنگجو 2
Forward Bend + Twist - Wide Leg,خم به جلو + چرخش - پای پهن
Forward Bend - Wide Leg,خم به جلو - پای پهن
Forward Fold - Wide Leg (Block),تا کردن به جلو - پای پهن (بلوک)
Forward Fold - Wide Leg (Chair),حرکت صدف به جلو - پای پهن (صندلی)
Hamstring and Adductor Stretch - Wide Stance,کشش همسترینگ و اداکتور - ایستادن عریض
Hip Adductor and Medial Hamstring Stretch,کشش آداکتور ران و همسترینگ داخلی
Hip Adductor Stretch - Long-Chain,کشش ران اداکتور - زنجیره بلند
Hip Adductor Stretch - V (Wall),کشش ران اداکتور - V (دیوار)
Hip Adductor Stretch,کشش ران اداکتور
Adductor Stretch (Wall),کشش ادکتور (دیوار)
Butterfly Pose (Bolster),ژست پروانه 
Downward Facing Frog,قورباغه رو به پایین
Hip Adductor Stretch (Wall),کشش ران اداکتور (دیوار)
Hip Adductor Stretch1,کشش آداکتور ران 1
Hip Adductor Stretch2,کشش آداکتور ران 2
Hip External Rotation AROM, دامنه حرکتی چرخش خارجی ران
Forward Bend - Long Sitting,خم به جلو - نشستن طولانی
Gluteal Stretch - Table,کشش باسن - میز
Knee to Chest - Double Leg,زانو به سینه - دو پا
Knee to Chest - Single Leg,زانو به سینه - تک پا
Knees to Chest - Double Leg,زانو به سینه - دو پا
Lower Extremity Posterior Chain Stretch,کشش زنجیره خلفی اندام تحتانی
Posterior Chain + Trunk Rotation Stretch,زنجیر خلفی + کشش چرخشی تنه
Posterior-Chain Stretch - Toe-Lift,کشش زنجیره خلفی - لیفت انگشت پا
Sacral Stretch-Release,کشش ساکرال-رهاسازی
Single Knee to Chest Stretch - Opposite Leg Bent,کشش تک زانو تا قفسه سینه - خمیدگی پا مقابل
Hip Abductor + ITB Stretch1,کشش آبداکتور و ایلیوتیبیال1
Hip Abductor + ITB Stretch2,کشش آبداکتور و ایلیوتیبیال2
Piriformis-External Rotator Stretch - Dynamic,کشش چرخش خارجی پویا پریفورمیس
Hip Flexor Stretch (Table),کشش فلکسور ران (میز)
Hip Flexor Stretch - Half-sitting,کشش فلکسور ران - نیمه نشسته
Hip Flexor Stretch,کشش فلکسور ران
Iliopsoas & Quad Stretch,کشش ایلیوسواس و چهارسر ران
Iliopsoas + Quadriceps Stretch (Box),کشش ایلیوسواس + چهار سر ران (جعبه)
Iliopsoas + Quadriceps Stretch with Lateral Tip (Box),کشش ایلیوسواس + چهار سر ران با نوک جانبی (جعبه)
Iliopsoas + Quadriceps Stretch with Twist (Box),کشش ایلیوسواس + چهار سر ران با چرخش (جعبه)
Iliopsoas + Quadriceps Stretch,کشش ایلیوسواس + چهار سر ران
Iliopsoas Stretch (Box),کشش ایلیوسواس (جعبه)
Iliopsoas Stretch (Chair),کشش ایلیوسواس (صندلی)
Iliopsoas Stretch (Stick),کشش ایلیوسواس (چوب)
Iliopsoas Stretch (Table)1,کشش ایلیوسواس (تخت)1
Iliopsoas Stretch (Table)2,کشش ایلیوسواس (تخت)2
Iliopsoas Stretch (Table)3,کشش ایلیوسواس (تخت)3
Iliopsoas Stretch + Lateral Tip (Box),کشش ایلیوسواس + نوک جانبی (جعبه)
Iliopsoas Stretch + Twist (Box), کشش ایلیوسواس + چرخش (جعبه)
Iliopsoas Stretch -  Standing Sidebend,کشش ایلیوسواس - ایستاده خم شدن جانبی
Iliopsoas Stretch - Iliacus Bias, کشش ایلیوسواس - تاکید بر ایلیاک
Iliopsoas Stretch - Lunge Standing (Wall), کشش ایلیوسواس  - لانج ایستاده (دیوار)
Iliopsoas Stretch - Lunge Standing1, کشش ایلیوسواس - لانج ایستاده 1
Iliopsoas Stretch - Psoas Bias, کشش ایلیوسواس  - تاکید بر سوئز
Iliopsoas Stretch1,کشش ایلیوسواس1
Lunge and Twist (Hands Behind Head),لانج و چرخش (دست‌ها پشت سر)
Lunge and Twist,لانج و چرخش
Quad + Hip Flexor Stretch (Towel),کشش چهارسر ران + ران فلکسور (حوله)
Quadriceps Stretch (Box),کشش چهار سر ران (جعبه)
Quadriceps Stretch (Chair)1,کشش چهار سر ران (صندلی)1
Quadriceps Stretch (Chair)2,کشش چهار سر ران (صندلی) 2
Quadriceps Stretch (Chair)3,کشش چهار سر ران (صندلی) 3
Quadriceps Stretch + Lateral Trunk Bend (Box),کشش چهار سر + خم کردن تنه جانبی (جعبه)
Quadriceps Stretch + Twist (Box),کشش چهار سر ران + چرخش (جعبه)
Thoracic Rotation (Stick),چرخش قفسه سینه (چوب)
Thoracic Rotation - Lunge Stance (Box),چرخش قفسه سینه - لانج ایستاده (جعبه)
Whale-Tail' Piriformis Stretch - Wall,کشش پیریفورمیس 'دم نهنگ' دیوار
'Whale-Tail' Piriformis Stretch,کشش پیریفورمیس 'دم نهنگ'
Assisted Piriformis Stretch, کشش پیریفورمیس کمکی
Deep Gluteal Stretch - Table,کشش عمیق گلوتئال - میز
Gluteus Stretch (Wall),کشش گلوتئوس (دیوار)
Gluteus Stretch,کشش گلوتئوس
Knee to Chest - Single Leg1,زانو به سینه - تک پا 1
Knee to Chest - Single Leg3,زانو به سینه - تک پا ۳
Pigeon,کبوتر
Piriformis Stretch (Wall),کشش پیریفورمیس (دیوار)
Piriformis Stretch - Bottom Leg Straight,کشش پیریفورمیس - پایین پا صاف
Piriformis Stretch1,کشش پیریفورمیس 1
Piriformis Stretch2,کشش پیریفورمیس 2
Piriformis Stretch3,کشش پیریفورمیس 3
Piriformis Stretch4,کشش پیریفورمیس 4
Seated Twist,پیچ و تاب نشسته
Hip Internal + External Rotation,چرخش داخلی + خارجی لگن
ITB Stretch,کشش ایلیوتیبیال باند
Thigh Stretch - Tall Kneeling,کشش ران - زانو زدن بلند
Ankle Dorsiflexion Stretch (Belt),کشش دورسی خم شدن مچ پا (کمربند)
Assisted Dorsiflexion (Belt),دورسی خم شدن کمکی (کمربند)
Calf Stretch Foot on Wall,کشش ساق پا روی دیوار
Dolphin (Down Dog on Elbows),دلفین (سگ پایین روی آرنج)
Downward Dog (Kickback),سگ رو به پایین (لگد به عقب)
Downward Dog,سگ رو به پایین
Downward Walking Dog,سگ پیاده روی رو به پایین
Forward Fold  Hands Under Feet,دست ها را زیر پا به جلو جمع کنید
Forward Fold - Arms Folded,تا کردن به جلو - بازوهای جمع شده
Forward Fold - Hands Behind Knees,تا کردن به جلو - دست ها پشت زانو
Forward Fold - Toe Grab,تا کردن به جلو - گرفتن انگشت پا
Forward Fold Standing,ایستاده حرکت صدف به جلو
Forward Fold To Halfway Lift- Hands Under Feet,تا کردن به جلو تا نیمه راه - دست ها زیر پا
Gastrocs Stretch (Wall or Kitchen Counter),کشش ساق پا  (دیواری یا پیشخوان آشپزخانه)
Gastrocs Stretch (Wall)1,کشش ساق پا (دیوار)1
Gastrocs Stretch (Wall)2,کشش ساق پا (دیوار)2
Gastrocs Stretch (Wall)3,کشش ساق پا (دیوار)3
Gastrocs Stretch - Big Toe Up (Doorstop),کشش ساق پا - انگشت بزرگ به بالا (درب)
Gastrocs Stretch - Front Knee and Foot at Wall,کشش ساق پا - جلو زانو و پا در دیوار
Gastrocs Stretch - Lumbar Neutral,ساق پا کشش - کمر خنثی
Gastrocs Wall Stretch - Medial Bias,کشش دیواری ساق پا - تاکید بر داخل
Hamstrings Stretch - Medial + Lateral (Belt),کشش همسترینگ - داخلی + جانبی (کمربند)
Heel Lower - Single Leg  (Step),پایین پاشنه - تک پا (پله)
Modified Down Dog (Wall),سگ پایین اصلاح شده (دیوار)
Plantar Fascia Stretch - Bilateral (Stairs),کشش فاشیای پلانتار - دو طرفه (پله)
Stick Release - Gastrosoleus, رها سازی ساق پا با چوب
Calf Stretch - Foot on Step. Bent Knee,کشش ساق پا - پا روی پله. زانو خم شده
Calf Stretch - Lunge Position. Bent Knee,کشش ساق پا - موقعیت لانج. زانو خم شده
Dorsiflexion Mobilization (Stick),تحرک دورسی خم شدن (چوب)
Soleus Stretch  - Lateral Bias,کشش سولئوس - تعصب جانبی
Soleus Stretch  - Standing Lunge,سولئوس کشش - ایستاده لانج
Soleus Stretch (Wall),کشش سولئوس (دیوار)
Soleus Stretch - Back Leg. Big Toe Up (Doorstop),کشش سولئوس - پشت پا. انگشت شست بالا (درب)
Soleus Stretch - Front Leg. Big Toe Up (Doorstop),کشش سولئوس - پای جلو. انگشت شست بالا (درب)
Soleus Stretch - Kneeling Lunge,کشش سولئوس - زانو زدن
Soleus Stretch - Medial bias,کشش سولئوس - تعصب داخلی
Soleus Stretch - Toes Up,کشش سولئوس - انگشتان پا به بالا
Ankle Eversion Stretch (Belt),کشش اورژن مچ پا (کمربند)
Ankle Pumps (Stool),پمپ مچ پا (چارپایه)
Ankle Pumps,پمپ های مچ پا
Ankle Inversion PROM (Belt),دامنه حرکتی اینورژن مچ پا (کمربند)
Peroneal + Inversion Stretch - Standing, کشش - ایستاده  پرونئال + اینورژن مچ پا 
Plantarflexion Stretch,کشش پلانتارخم شدن
Tib Ant Stretch,کشش قدام ساق پا
Tibialis Anterior Stretch,کشش قدامی تیبیالیس
Child's Pose + Lateral Flexion,ژست کودک + خم شدن جانبی
Quadratus Lumborum (QL) Stretch1,کشش مربع کمری1
Quadratus Lumborum (QL) Stretch2,کشش مربع کمری2
Revolved Triangle,مثلث گردان
Levator Scapulae Stretch - Overpressure,کشش بالابر کتف - فشار بیش از حد
Levator Scapulae Stretch,کشش بالابر کتف
UFTs + Levator Scapulae - Stretch Sequence, کشش متوالی بالابرنده کتف
UFTs + Scalenes - Stretch Sequence1, کشش متوالی اسکالن 1
UFTs + Scalenes - Stretch Sequence2, کشش متوالی اسکالن2
Anterior Scalene Stretch,کشش اسکالن قدامی
Scalene Stretch Bilateral Stabilization,کشش اسکالن تثبیت دوطرفه
Scalene Stretch,کشش اسکالن 
SCM Stretch1, کشش جناقی چنبری پستانی1
SCM Stretch2, کشش جناقی چنبری پستانی2
Cervical Flexion Stretch,کشش خم شدن مهره های گردن
Craniovertebral Flexion Stretch,کشش خم شدن کرانیوورتبرال
Suboccipital Stretch - Bilateral,کشش ساب اکسیپیتال - دوطرفه
Suboccipital Stretch - Unilateral,کشش ساب اکسیپیتال - یک طرفه
Neck Side Flexion Stretch,کشش خم شدن سمت گردن
Neck Stretch - Rib Support,کشش گردن - ساپورت دنده
Upper Trapezius Stretch,کشش ذوزنقه فوقانی
Pectoralis Major + Anterior Shoulder Stretch (Wall),کشش سینه ماژور + قدامی شانه (دیوار)
Pectoralis Minor Stretch,کشش کوچک سینه ای
Pectoralis Stretch (Wall),کشش سینه ای (دیوار)
Shoulder Abduction (Towel + Wall),آبداکتور شانه (حوله + دیوار)
Eagle Pose - Single Leg Balance, ژست عقاب-تعادل تک پا
Eagle Pose - Sitting, ژست عقاب - نشسته
Eagle Pose - Toe Touch Balance, ژست عقاب-تعادل لمس انگشتان
Eagle Pose1,ژست عقاب 1
Eagle Pose2,ژست عقاب 2
Interscapular Stretch - Active,کشش بین کتفی - فعال
Rhomboid Stretch (Door)1,کشش لوزی (در)1
Rhomboid Stretch (Door)2,کشش لوزی (در)2
Rhomboid Stretch1,کشش لوزی 1
Rhomboid Stretch2,کشش لوزی 2
Rhomboid Stretch3,کشش لوزی 3
Rhomboid Stretch4,کشش لوزی 4
Shoulder Flexion Stretch (Doorframe),کشش خم شدن شانه (قاب در)
Four Point Rocking - Scapula Focus,چهار دست پا تاب - تمرکز کتف
Active Biceps Stretch,کشش فعال دو سر بازو
Bicep Stretch - Dynamic,کشش دو سر - پویا
Biceps Stretch,کشش عضله دوسر
Seal,مهر
Shoulder Chest Stretch (Door Frame),کشش سینه شانه (قاب در)
Swimmer's Stretch,کشش شناگر
Shoulder Posterior Stretch (Wall),کشش خلفی شانه (دیوار)
Active Latissimus Stretch,کشش پشتی بزرگ فعال
Active Triceps Stretch (Chair + Stick),کشش فعال عضلات سه سر (صندلی + چوب)
Active Triceps Stretch (Chair),کشش فعال عضلات سه سر (صندلی)
Anterior Shoulder Stretch Chair,صندلی کششی شانه قدامی
Child's Pose - On Elbows,ژست کودک - روی آرنج
Child's Pose,ژست کودک
Latissimus 'Open-Book' Stretch,کشش «کتاب باز» پشتی بزرگ
Latissimus Dorsi Stretch (Wall),کشش پشتی بزرگ (دیوار)
Latissimus Dorsi Stretch - Supine,کشش پشتی بزرگ - به پشت
Latissimus Dorsi Stretch Supine (Palms Down),کشش پشتی بزرگ به تاقباز (کف دست پایین)
Latissimus Dorsi Stretch,کشش پشتی بزرگ
Latissimus Stretch + Rotation Bias,کشش پشتی بزرگ + تاکید به چرخش
Overhead Latissimus Stretch,کشش پشتی بزرگ بالای سر
Pectoral + Latissimus Stretch - Active (Wall),کشش سینه ای + پشتی بزرگ - فعال (دیوار)
Shoulder Adductor Stretch,کشش ادکتور شانه
Shoulder Flexion Active Latissimus Stretch (Wall),کشش پشتی بزرگ فعال خم شدن شانه (دیوار)
Trunk Stability Rotation + Latissimus Dorsi Stretch,چرخش پایداری تنه + کشش پشتی بزرگ
Chest Stretch (Wall),کشش قفسه سینه (دیوار)
Pec Stretch (Wall)1, کشش سینه (دیوار)1
Pec Stretch (Wall)2,کشش سینه (دیوار) 2
Pectoral Stretch - Glenohumeral Support (Wall),کشش سینه ای - ساپورت گلنوهومرال (دیوار)
Pectoral Stretch - Straight Arm + Glenohumeral Support (Wall),کشش سینه ای - بازوی مستقیم + ساپورت گلنوهومرال (دیوار)
Pectoralis Stretch - Elbows Above Shoulder (Corner),کشش سینه ای - آرنج بالای شانه (گوشه)
Pectoralis Stretch - Elbows at Shoulder Height (Corner),کشش سینه ای - آرنج در ارتفاع شانه (گوشه)
Pectoralis Stretch - Elbows Below Shoulder Height (Corner),کشش سینه ای - آرنج زیر ارتفاع شانه (گوشه)
Seal1,مهر 1
Shoulder Flexion Stretch  (Corner),کشش خم شدن شانه (گوشه)
Supine Lying (Towel),خوابیده به پشت (حوله)
Supine Lying - Arms at Side  (Towel Horizontal),خوابیده به پشت - بازوها در کنار (حوله افقی)
Shoulder Posterior Capsule Stretch (Towel),کشش کپسول خلفی شانه (حوله)
Supraspinatus Stretch (Door),کشش فوق خاری (در)
Triceps Stretch Overhead,کشش عضله سه سر بالای سر
Triceps Stretch,کشش عضلات سه سر بازو
Halfway Lift - Hands on Knees,لیفت نیمه راه - دست روی زانو
Halfway Lift - Hands Under Feet,لیفت نیمه راه - دست ها زیر پا
Hamstrings Stretch - Lateral Bias (Active),کشش همسترینگ - تاکید جانبی (فعال)
Hamstrings Stretch - Medial Bias (Active),کشش همسترینگ - تاکید داخلی (فعال)
Knee Flexion AAROM (Wall),دامنه حرکتی خم شدن زانو  (دیوار)
Knee Flexion AROM + Overpressure,دامنه حرکتی خم شدن زانو + فشار بیش از حد
Knee Flexion PROM,دامنه حرکتی خم شدن زانو 
Quad Stretch (Chair),کشش چهارسر ران (صندلی)
Quad Stretch Lunge (Chair + Belt),لانج کششی چهارسر ران (صندلی + کمربند)
Quad Stretch Lunge (Chair),لانج کششی چهارسر ران (صندلی)
Quad Stretch Prone,کشش چهارسر ران دمر
Quadriceps Release (Stick),رهاسازی چهارسر ران (چوب)
Quadriceps Stretch (Chair + Wall)1,کشش چهار سر ران (صندلی + دیوار) 1
Quadriceps Stretch (Chair + Wall)2,کشش چهار سر ران (صندلی + دیوار) 2
Quadriceps Stretch - Sidelying,کشش چهار سر ران - به پهلو
Quads Stretch (Wall),کشش چهارسر ران (دیوار)
Quads Stretch - Prone (Belt),کشش چهارسر ران - دمر (کمربند)
Quads Stretch Prone (Assisted),رمر کشش چهارسر ران (کمکی)
Quads Stretch Standing - Unsupported,کشش ایستاده چهارسر ران بدون حمایت
Reclining Hero,قهرمان دراز کشیده
Great Toe MTP Flexion + Extension PROM,دامنه حرکتی خم شدن و بازشدن انگشت بزرگ
Toe Flexion + Extension PROM,دامنه حرکتی خم شدن و بازشدن انگشت 
Toe Flexion + Plantar Flexion AROM,دامنه حرکتی پلانتارخم شدن و بازشدن انگشت 
Toe Flexion Stretch (Towel),کشش خم شدن انگشتان پا (حوله)
1st MTP Extension Stretch, کشش بازشدن
Great Toe Flexor Stretch,کشش فلکسور انگشت بزرگ
Wrist Extensor Stretch - Neutral,کشش اکستنسور مچ - خنثی
Wrist Extensor Stretch - Pronation,کشش اکستنسور مچ - پرونیشن
Wrist Extensor Stretch - Supination,کشش اکستنسور مچ - سوپیناسیون
Triceps Stretch2,کشش عضله سه سر 2
Abdominal Prep,آمادگی شکم
Clamshell - TrA Focus - Alternating,حرکت صدف - تمرکز  عرضی شکمی- متناوب
Clamshell - TrA Focus,حرکت صدف - فوکوس عرضی شکمی
Clamshell - TrA,حرکت صدف - عرضی شکمی
Dead Bug - Heel Touches + Shoulder Flexion,حشره مرده - لمس پاشنه + خم شدن شانه
Dead Bug - Heel Touches,حشره مرده - لمس پاشنه
Dead Bug - Hip Extension,حشره مرده- بازشدن ران
Dead Bug - Shoulder Flexion + Hip Extension (Same Side),حشره مرده-خم شدن شانه- بازشدن ران(همان سمت)
Dead Bug - Shoulder Flexion + Hip Extension,حشره مرده-خم شدن شانه- بازشدن ران
Dead Bug - Shoulder Flexion,حشره مرده - خم شدن شانه
Dead Bug - T,حشره مرده- T
Dead Bug - W,حشره مرده- W
Dead Bug - Y,حشره مرده- Y
Dead Bug,حشره مرده
Double Leg Lift - Alternating,بالابردن دو پا - متناوب
Heel Lifts (TvA),بالابردن پاشنه (عرضی شکمی)
Heel Lowers (TvA) Crook Lying,پاشنه پایین (عرضی شکمی) خوابیده
Heel Lowers - TrA,پاشنه پا - عرضی شکمی
Heel Slide - Core Activated - Hands at Chest,لغزش پاشنه - فعال شدن کر - دستها در سینه
Heel Slide - Core Activated - Hands at Side,لغزش پاشنه - فعال شدن کر - دستها در کنار
Knee Extensions - TrA,بازشدن زانو - عرضی شکمی
Leg Lifts - TrA,بالابردن پا - عرضی شکمی
Leg Lowering - Double Leg1,پایین آوردن پا - دو پا 1
Leg Lowering - Double Leg2,پایین آوردن پا - دو پا 2
Leg Lowering - Single Leg1,پایین آوردن پا - تک پا 1
Leg Lowering - Single Leg2,پایین آوردن پا - تک پا ۲
Lumbar Flexion (TrA),خم شدن کمر (عرضی شکمی)
Reverse Plank + Hip Flexion,پلانک معکوس + خم شدن ران
Straight Leg Raise - TrA,بلند کردن پا مستقیم - عرضی شکمی
Tabletop - Single Leg Lower1,رومیزی - پایینی تک پا1
Tabletop - Single Leg Lower2,رومیزی - پایینی تک پا2
Transverse Abdominus Activation + Heel Slides,فعال سازی عرضی شکم + لغزش پاشنه
Transversus Abdominus - 4 Point,عرضی شکم - 4 نقطه
Transversus Abdominus Activation,فعال سازی عرضی شکم
V-Sit - Knee Bent,نشستن وی - خم زانو
V-Sit - Knees Straight,نشستن وی - زانوها صاف
Bear Walking,قدم زدن خرس
Bicycle Crunch,کرانچ دوچرخه
Front Plank - Hands and Feet,پلانک جلو - دست و پا
Front Plank - Shoulder Touches1,پلانک جلو - لمس شانه 1
Front Plank - Shoulder Touches2,پلانک جلو - لمس شانه2
Knee Raise Bilateral - Hanging,بلند کردن زانو دو طرفه - آویزان 
Knee Raise Unilateral -Hanging,بلند کردن زانو یک طرفه - آویزان
Oblique Crunch - Crossed Knees,کرانچ مایل - زانوهای ضربدری
Oblique Crunch1,کرانچ مایل 1
Oblique Crunch2,کرانچ مایل 2
Oblique Rotation,چرخش مورب
Russian Twist,پیچ و تاب روسی
Side Leg Lift - Lateral Flexion,بلند کردن ساق پا - خم شدن جانبی
Side Plank + Hip Flexion - Forearm and Feet,ساید پلانک + خم شدن ران - ساعد و پا
Side Plank - Forearm and Feet + Arm Extended,ساید پلانک - ساعد و پا + بازو کشیده
Side Plank - Forearm and Feet,پلانک کناری - ساعد و پا
Side Plank - Forearm and Knee + Arm Extended,ساید پلانک - ساعد و زانو + بازو کشیده
Side Plank - Forearm and Knee,پلانک کناری - ساعد و زانو
Side Plank - Hand and Feet + Arm Extended,پلانک کناری - دست و پا + بازو کشیده
Side Plank - Hand and Feet + Hip Abduction,پلانک کناری - دست و پا + آبداگشن ران
Side Plank - Hand and Feet1,پلانک کناری - دست و پا 1
Side Plank - Hand and Feet2,پلانک کناری - دست و پا2
Sidebend Crunch,کرانچ کناری
Single Leg Stretch,کشش تک پا
Straight Leg Raise - Double Leg - Hanging,بلند کردن پا مستقیم - دو پا - آویزان
Straight Leg Raise - Single Leg - Hanging,بلند کردن پا مستقیم - تک پا - آویزان
V Sit + Rotation,نشستن وی + چرخش
Classic Crunch - Arms Forward,کرانچ کلاسیک - بازوها به جلو
Double Leg Stretch,کشش دو پا
Froggie Sit Up,دراز و نشست قورباغه
Front Plank -  Hip Extension - Forearms  Bent Knee,پلانک جلو - بازشدن باسن - زانو خم ساعد
Front Plank - Forearm + Toe Pushes,پلانک جلو -  فشار ساعد + انگشتان پا
Front Plank - Hands + Toe Pushes,پلان جلو - فشار دست ها + انگشتان پا
Front Plank - Hands and Feet2,پلانک جلو - دست و پا 2
Front Plank - Hip Extension - Bent Knee,پلانک جلو - بازشدن باسن - زانو خم
Front Plank - Hip Extension - Straight Leg,پلانک جلو - بازشدن باسن - ساق پای راست
Front Plank Walk-Out1,پیاده روی پلانک جلو 1
Front Plank Walk-Out2,پیاده روی پلانک جلو 2
Lower Abdominal Activation,فعال سازی قسمت تحتانی شکم
Push Up - Single leg,شنا - تک پا
Rectus Abdominus Activation,فعال سازی رکتوس شکم
Reverse Crunch (Towel),کرانچ معکوس (حوله)
Reverse Crunch - Incline (Towel),کرانچ معکوس - شیب (حوله)
Reverse Crunch - Incline,کرانچ معکوس - شیب
Reverse Crunch1,کرانچ معکوس 1
Reverse Crunch2,کرانچ معکوس 2
Seated Crunch,کرانچ نشسته
The Hundred - Legs at 45, صد- پا در 45
Trunk Curl + Chin Tuck,گرد شدن تنه + غبغب
Foot Arch Intrinsics1,عضلات قوس کف پا 1
Foot Arch Intrinsics2,عضلات قوس کف پا 2
Foot Scrunching (Towel),خراش دادن پا (حوله)
Side Pivot Bilateral (Wall),محور کناری دوطرفه (دیوار)
Side Pivot Unilateral (Wall),محور کناری یک طرفه (دیوار)
Squat (Calf Raise Sequence 1),اسکوات ( بالا بردن ساق پا متوالی 1)
Squat (Calf Raise Sequence 2),اسکوات ( بالا بردن ساق پا متوالی2)
Squat Soleus,اسکات نعلی
Bilateral Hip Adduction - Isometric,نزدیک شدن دو طرفه ران - ایزومتریک
Hip Abduction + Adduction AROM (Chair),ران دور شدن + نزدیک شدن دامنه حرکتی (صندلی)
Hip Abduction + Adduction,دور و نزدیک شدن ران
Hip Adduction - Side lying Top Leg Bent,نزدیک شدن ران - خمیدگی بالای ساق در کنار
Hip Adduction - Side lying Top Leg Straight, نزدیک شدن ران - سمت راست خوابیده پا بالا
Hip Adduction Alphabet - Side lying,الفبای ران نزدیک شدن - خوابیده به پهلو
Hip Adduction Isometric,ایزومتریک نزدیک شدن ران
Hip Adduction Sidelying - Top Leg Bent,نزدیک شدن ران خوابیده به پهلو -  پا بالا خم
Hip Adduction Sidelying - Top Leg Straight,نزدیک شدن ران خوابیده به پهلو - پا بالا صاف
Hip D2 Pattern AROM (Chair), دامنه حرکتی الگوی D2 ران (صندلی) 
Hip D2 Pattern AROM, دامنه حرکتی الگوی D2 ران
Hip Diagonal D1 AROM (Chair), دامنه حرکتی الگوی D1 ران (صندلی) 
Hip Diagonal D1 AROM, دامنه حرکتی الگوی D1 ران
Hip Internal Rotation - Top Leg,چرخش داخلی لگن - پا بالا
Airplane - Early Range,هواپیما - برد اولیه
Airplane - Supported (Chair),هواپیما - پشتیبانی شده (صندلی)
Back Squat (Stick),اسکوات پشت (چوب)
Bridge + Alternating Single Leg,پل + تک پا متناوب
Bridge - Arms at Sides,پل - بازوها در طرفین
Bridge - Feet Staggered (Arms Out),پل - پاهای تکان خورده (بازوها بیرون)
Bridge - Feet Staggered and Arms Crossed,پل - پاها تلو تلو خوردن و بازوها متقاطع
Bridge - Single Leg - Hip and Knee 90-90. Arms Flat,پل - تک پا - ران و زانو 90-90. دست صاف
Bridge - Single Leg - One Leg Crossed and Arms Crossed,پل - تک پا - یک پا ضربدری و بازوها ضربدری
Bridge - Single Leg - One Leg Crossed and Arms Out,پل - تک پا - یک پا ضربدری و بازوها بیرون
Bridge - Straight Leg,پل - پا راست
Chair Squat (Chair),اسکوات صندلی (صندلی)
Deadlift - Single Leg- Stick on Back,ددلیفت- تک پا-چوب پشت
Deadlift - Stiff-Legged (Stick),ددلیفت - پاهای سفت (چوب)
Deadlift Technique (Stick),تکنیک دد لیفت (چوب)
Front Plank + Hip Extension - Bent Knee,پلانک جلو + بازشدن ران - زانو خم
Front Plank + Hip Extension - Straight Knee,پلانک جلو + بازشدن ران - زانو صاف
Front Squat (Stick),اسکوات جلو (چوب)
Glute Isometric,باسن ایزومتریک
Hang Clean (Stick),کلین معلق(چوب)
Hip Extension AROM,دامنه حرکتی بازشدن ران
Lateral Step down,پایین آمدن جانبی استپ
Lateral Step Up + Bicep Curl,بالا رفتن جانبی استپ و جلو بازو
Lateral Step Up with Knee Drive + Bicep Curl,استپ تاپ جانبی با درایو زانو + حلقه دو سر بازو
Lunge Forward,لانج به جلو
Lunge Lateral,لانج جانبی
Lunge to 'A' Stance,لانج A ایستاده
Partial Wall Squat (Stool),اسکوات جزئی دیوار (چارپایه)
Partial Wall Squat + Lift (Box),اسکوات جزئی دیوار + بالابردن (جعبه)
Partial Wall Squat - Feet Staggered,اسکوات جزئی دیوار - پاها تکان خورده
Partial Wall Squat,اسکوات جزئی دیوار
Power Clean (Stick),پاور کلین (استیک)
Reverse Lunge - Stick on Back,لانج معکوس - چوب به پشت
Single Leg Squat (Decline Surface),اسکوات تک پا (سطح نزولی)
Single Leg Squat + Knee Drive,اسکوات تک پا + زانو درایو
Single Leg Squat,اسکوات تک پا
Squat Lifting (Box),اسکوات لیفتینگ (جعبه)
Step Up + Bicep Curl,بالارفتن و جلو بازو
Step Up with Knee Drive + Bicep Curl,بالا رفتن حرکت زانو  + چلو بازو
Clamshell,حرکت صدف
Deadlift - Single Leg - Star Drill,ددلیفت-تک پا-ستاره
Four Point + Hip Abduction,چهار دست پا + دور شدن ران
Hip Abduction + ER + Extension (Supported),دور شدن + بازشدن ران (با حمایت)
Hip Abduction + Extension Sidelying - Straight Leg,دور شدن + باز شدن ران خوابیده به پهلو - پا راست
Hip Abduction - 45° Extension,دور شدن ران - بازشدن 45 درجه
Hip Abduction AROM,دامنه حرکتی دور شدن ران
Hip External Rotation - Bottom Leg,چرخش خارجی لگن - پا پایین
Hip Flexion AROM - Bent Knee,دامنه حرکتی خم شدن ران  - زانو خم
Lateral Weight Shift,تغییر وزن جانبی
Single Leg Squat (Box),اسکوات تک پا (جعبه)
Single Leg Squat- Stick on Back,اسکوات تک پا - چوب به پشت
Squat - Arms Forward,اسکوات - بازوها به جلو
Squat - Arms Inline with Trunk,اسکوات - بازوها در خط تنه
Squat - Arms Neutral,اسکوات - بازوها خنثی
Squat - Hands Behind Head,اسکوات - دست ها پشت سر
Squat,اسکوات
Step Down + Touch (Support),پایین آمدن + لمس (پشتیبانی)
Hip Flexion + Extension,ران خم شدن + بازشدن
Hip Flexion - Inner Range,خم شدن ران - محدوده داخلی
Hip Flexion and Extension AROM - Straight Knee (Chair),دامنه حرکتی خم شدن و بازشدن ران - زانو صاف (صندلی)
Hip Flexion AROM - Bent Knee (Chair),دامنه حرکتی خم شدن ران - زانو خم (صندلی)
Hip Flexion AROM1,دامنه حرکتی خم شدن ران 1
Hip Flexion AROM2,دامنه حرکتی خم شدن ران 2
Hip Flexion Isometric1, ایزومتریک خم شدن ران 1
Hip Flexion Isometric2, ایزومتریک خم شدن ران 2
Hip Flexion Sidelying - Hips Bent- Straight Leg,خم شدن ران خوابیده به پهلو - ران خم شده- پا راست
Hip Internal + External Rotation AROM1,چرخش داخلی + خارجی ران دامنه حرکتی1
Hip Internal + External Rotation AROM2,چرخش داخلی + خارجی لگن دامنه حرکتی2
Marching (Chair)1,پا زدن (صندلی)1
Marching,پا زدن
Runner's Step Up,دونده استپ به بالا
Straight Leg Raise - Early Range,بلند کردن پا مستقیم - محدوده اولیه
Straight Leg Raise - End Range,بلند کردن پای مستقیم - محدوده پایانی
Straight Leg Raise - Full Range,بلند کردن پا مستقیم - محدوده کامل
Straight Leg Raise - Mid Range1,بلند کردن پا مستقیم - محدوده متوسط 1
Straight Leg Raise - Mid Range2,بلند کردن پا مستقیم - محدوده متوسط2
Straight Leg Raise - VMO Bias,بلند کردن پا مستقیم - تمرکز چهارسر
Straight Leg Raise,بلند کردن مستقیم پا
Airplane Rotation,چرخش هواپیما
Clamshell - Bottom Leg Straight,حرکت صدف - پایین پا مستقیم
Clamshell - Mid Range,حرکت صدف - میان محدوده
Clamshell - Multifidus,حرکت صدف - مولتیفیدوس
Clamshell Isometric (Belt),حرکت صدف ایزومتریک (کمربند) 
Clamshell Side Plank,پلانک جانبی حرکت صدف 
Hip Abduction + External Rotation - Side lying Straight Leg,دور شدن ران + چرخش بیرونی - پاها راست خوابیده به پهلو
Hip Abduction AROM - Bilateral1,دامنه حرکتی دور شدن ران - دو طرفه1
Hip Abduction AROM - Bilateral2,دامنه حرکتی دور شدن ران - دو طرفه2
Hip Abduction AROM,دامنه حرکتی دور شدن ران
Hip External Rotation - Sitting,چرخش خارجی ران - نشسته
Hip External Rotation Isometric,چرخش خارجی ران ایزومتریک
Hip Rotation AROM Sitting,دامنه حرکتی چرخش ران نشسته
Hip Abduction - Side lying Straight leg,دور شدن ران - پای راست درازکش پهلو
Hip Abduction Isometric,ایزومتریک دور شدن ران
Hip Abduction Side lying - Bent Knee,دور شدن ران به پهلو خوابیده - زانو خم شده
Hip Abduction Sidelying - Alphabet,دور شدن ران خوابیده به پهلو - الفبا
Hip Hikes Standing,بالا کشیدن ران ایستاده
Hip Internal Rotation - Pelvic Stability Focus,چرخش داخلی ران - تمرکز بر ثبات لگن
Step Down Touch,لمس پایین آمدن 
Ankle Plantar Flexion Isometric (Belt)1,خم شدن پلانتار مچ پا ایزومتریک (کمربند)1
Ankle Plantar Flexion Isometric (Belt)2,خم شدن پلانتار مچ پا ایزومتریک (کمربند)2
Ankle Plantar Flexion Isometric,ایزومتریک پلانتار خم شدن مچ پا
Ankle Plantar Flexion,پلانتار خم شدن مچ پا
Ankle Plantarflexion,پلانتار خم شدن مچ پا
Bilateral Sideways Pivot, محور جانبی دوطرفه
Calf Raise -  Bilateral - Supported (Chair),ساق پا - دو طرفه - پشتیبانی شده (صندلی)
Calf Raise - 2 Up - 1 Down (Step),ساق پا - 2 به بالا - 1 پایین (پله)
Calf Raise - 2 Up - 1 Down,ساق پا - 2 بالا - 1 پایین
Calf Raise - 2 Up 1 Down (Step),ساق پا - 2 به بالا 1 پایین (پله)
Calf Raise - Bilateral,ساق پا - دو طرفه
Calf Raise Concentric - Bilateral, ساق پا کانسنتریک - دوطرفه
Calf Raise Concentric - Single Leg (Stairs), ساق پا کانسنتریک - تک پا (پله)
Calf Raise Concentric - Single Leg, ساق پا کانسنتریک - تک پا 
Calf Raise Eccentric - Bilateral (Step), ساق پا اسنتریک - دوطرفه(استپ)
Calf Raise Eccentric - Bilateral, ساق پا اسنتریک - دوطرفه
Calf Raise Eccentric - Single Leg, ساق پا اسنتریک - تک پا
Heel + Toe Raise1,بالا بردن پاشنه + انگشت پا 1
Heel + Toe Raise2,بالا بردن پاشنه + انگشت پا2
Heel + Toe Raise3,بالا بردن پاشنه + انگشت پا3
Heel Raise + Toe Raise,بلند کردن پاشنه + انگشت پا
Heel Raise - Supported (Table. Box),بلند کردن پاشنه - پشتیبانی شده (جدول. جعبه)
Heel Raises - Resisted (Wedge),بلند کردن پاشنه - مقاوم (گوه)
Heel Raise,بالا بردن پاشنه
Heel-Toe Tapping - Unilateral,ضربه زدن به پاشنه پا - یک طرفه
Knee Flexion Isometric - Lateral Bias,خم شدن زانو ایزومتریک - تمرکز جانبی
Knee Flexion Isometric - Medial Bias,ایزومتریک خم شدن زانو - تمرکز داخلی
Knee Flexion Isometric,ایزومتریک خم شدن زانو
Single Leg Calf Raise Balancing + UE Destabilization,بالا بردن ساق پا تک پا + بی ثباتی
Tandem Pivot,محور پشت سر هم
Unilateral Calf Raise - Supported (Chair),بلند بردن یک طرفه ساق پا - پشتیبانی شده (صندلی)
Walking - Push off,راه رفتن - هل دادن
Ankle Inversion + Eversion - Unilateral, تینورژن و اورژن مچ پا  - یک طرفه
Ankle Inversion - Wedge Resisted,اینورژن مچ پا - مقاومت در برابر گوه
Ankle Inversion Isometric,ایزومتریک اینورژن مچ پا
Ankle Inversion,اینورژن مچ پا
Standing Ankle Inversion,اینورژن مچ پا ایستاده
Ankle Eversion - Wedge Resisted,اورن مچ پا - تخته تعادل
Ankle Eversion Isometric,ایزومتریک اورژن مچ پا
Ankle Eversion1,اورژن مچ پا 1
Ankle Eversion2,اورژن مچ پا 2
Standing Ankle Eversion,اورژن مچ پا ایستاده
Ankle Dorsiflexion Isometric,دورسی خم شدن مچ پا ایزومتریک
Bilateral Dorsiflexion,دورسی خم شدن دوطرفه
Bilateral Toe Raise,بالا بردن دو طرفه انگشت پا
Toe Raises - Wedge Resisted,بالا بردن انگشتان پا - تخته تعادل
Cervical Extension - Reverse Head Nod,بازشدن گردن - تکان دادن سر معکوس
Cervical Flexion + Extension,خم شدن گردن + بازشدن
Cervical Retraction (Wall),انقباض گردن (دیوار)
Cervical Segmental Flexion (Wall),خم شدن سگمنتال گردن (دیوار)
Chin Tuck + Cervical Extension2,چین تاک + بازشدن گردن 2
Chin Tuck + Cervical Rotation,چین تاک + چرخش گردن
Chin Tuck Quadruped + Arm Lift,چین تاک چهارپا + بالابردن بازو
Chin Tuck2,چین تاک 2
Chin Tuck3,چین تاک3
Cervical Flexion + Chin Tuck - Incline,خم شدن گردن + چین تاک - شیب
Cervical Flexion Isometric,ایزومتریک خم شدن گردن
Cervical Placement,قرار دادن گردن
Cervical Rotation  (Wedge),چرخش گردن (گوه)
Cervical Rotation (Wedge),چرخش گردن (گوه)
Cervical Rotation + Lift - Incline,چرخش گردن + بالابردن - شیب
Cervical Sideflexion,خم شادن جانبی گردن
Chin Tuck + Lean Back,چین تاک + کمر تکیه
Chin Tuck + Lift - Incline,چین تاک + بالابردن - شیب
Chin Tuck + Lift,چین تاک + بالاآوردن
Chin Tuck + Limb Load,چین تاک + بار اندام
Chin Tuck + Rotation,چین تاک + چرخش
Chin Tuck - Shoulders Elevated,چین تاک - شانه ها بالا رفته
Chin Tuck Isometric1,چین تاک ایزومتریک1
Chin Tuck Isometric2,چین تاک ایزومتریک 2
Chin Tuck2,چین تاک 2
Chin Tuck3,چین تاک3
Cervical Rotation Isometric,چرخش گردن ایزومتریک
Cervical Sideflexion Isometric,خم شدن جانبی گردنی ایزومتریک
Head Lift Sidelying,بالا آوردن سر خوابیده به پهلو
Scapular Stability Abduction - End Range,دور شدن پایداری کتف - محدوده انتهایی
Shoulder 'Y' (Wall),شانه Y (دیوار)
Shoulder Flexion - Scapular Focus (Wall),خم شدن شانه - تمرکز کتف (دیوار)
Scapular Protraction + Retraction AROM,دامنه حرکتی دور و نزدیک شدن کتف
Scapular Protraction + Retraction,دور و نزدیک شدن کتف
Scapular Protraction + Shoulder Flexion (Wall),دور شدن کتف + خم شدن شانه (دیوار)
Scapular Protraction + Shoulder Scaption (Wall),دور شدن کتف + بالا آوردن شانه (دیوار)
Scapular Protraction - Hands + Knees,دور شدن کتف - دست + زانو
Scapular Stabilization - Weight Shift (Table),تثبیت کتف - تغییر وزن (جدول)
'W' Lower Fiber Traps,عضله ذوزنقه های فیبر پایین 'W'
Bent Over Row + Thoracic Rotation + Arm Support,زیر بغل خم + چرخش قفسه سینه + پشتیبانی بازو
Bent Over Row+ Thoracic Rotation,زیر بغل خم + چرخش قفسه سینه
Face Pull Row,کشیدن در مقابل صورت
Prone Cobra,کبرای دمر
Row - Wide Grip (Chair),زیر بغل - دست عریض (صندلی)
Row - Wide Grip,زیر بغل - دست عریض
Scapular Retraction + Arm Lift - Lumbar Locked,نزدیک شدن کتف + بالابر بازو - کمر قفل شده است
Scapular Retraction - 'W' Seated,نزدیک شدن کتف - 'W' نشسته
Scapular Retraction - 'W',نزدیک شدن کتف - 'W'
Scapular Retraction - Single Arm,نزدیک شدن کتف - تک بازو
Scapular Retraction1,نزدیک شدن کتف 1
Scapular Retraction2,نزدیک شدن کتف 2
Seated Row - Close Grip,زیر بغل نشسته - دست بسته
Shoulder Retraction - Prone,نزدیک شدن شانه - دمر
Chin-up - Neutral Grip - Pronation,چانه بالا - گرفتن خنثی - پرونیشن
Chin-up - Neutral Grip - Supination,چانه بالا - گرفتن خنثی - سوپیناسیون
Chin-up - Wide Grip - Pronation,چانه بالا - گرفتن عریض - پرونیشن
Chin-up - Wide Grip-Scapular Pull,چانه به بالا - کشش کتف-کشش عریض
Donkey Kicks in Downward Dog,لگد خر در حالت سگ رو به پایین
Front Plank - Forearms and Feet,پلانک جلو - ساعد و پا
Front Plank - Forearms and Knees,پلانک جلو - ساعد و زانو
Front Plank - Scapular Protraction + Retraction,پلانک جلو - دور  و نزدیک  شدن کتف 
Push Up - Four point  - Wide Grip,شنا - چهار دست پا - دست باز
Push Up - Four Point - Close Grip,شنا - چهار دست پا - دست نزدیک
Push Up - Knees - Close Grip,شنا - زانو - سدت نزدیک
Push Up - Knees - Wide Grip,شنا - زانو - دست باز
Push Up Plus -  Toes,شنا  - انگشتان پا
Push Up Plus - Elevated,شنا  - بالا رفته
Push Up Plus - Knees,شنا  - زانو
Scapular Protraction + Shoulder Abduction (Wall),دور شدن کتف + دور شدن شانه (دیوار)
Scapular Protraction Supine,دور شدن کتف طاقباز
Shoulder 'V' Slides Standing - Upper Traps Focus (Wall),اسلایدهای ایستاده شانه 'V' - تمرکز بر عضله ذوزنقه بالایی (دیوار)
Shoulder Weight Bearing Proprioception,حس عمقی تحمل کننده وزن شانه
V-Plank + Arm Lift and Rotation,وی پلانک + بالابردن و چرخش بازو
V-Plank + Arm Lift,وی پلانک + بالابربردن بازو
Wall Plank + Rotation - Forearms,پلانک دیوار + چرخش - ساعد
Elbow Flexion (Book),خم شدن آرنج (کتاب)
Forearm Supination + Finger Extension1,سوپینیشن ساعد + بازشدن انگشت 1
Forearm Supination + Finger Extension2,سوپینیشن ساعد + بازشدن انگشت 2
Shoulder Abduction Isometric - Elbow Bent,ایزومتریک دور شدن شانه - آرنج خم
Shoulder Extension (Wrist Weight) - Bent Elbow,بازشدن شانه (وزن مچ دست) - آرنج خم شده
Shoulder Flexion Isometric - Elbow Bent,خم شدن شانه ایزومتریک - آرنج خم
Bench Dip 2 - Bench Support,دیپ نیمکت با حمایت نیمکت
Bench Dip,دیپ نیمکت
Bent-Over Fly,فلای خمیده
Push Up (Wall)1,شنا (دیوار) 1
Push Up (Wall)2,شنا (دیوار) 2
Push Up - Side (Wall),شنا - جانبی (دیوار)
Push Up - Toes,شنا - انگشتان پا
Standing Fly - Ascending,فلای ایستاده - صعودی
Lift - Single Leg Stance,بالابر - ایستادن تک پا
Shoulder Abduction AROM - Early Range 0-60°,دامنه حرکتی دور شدن شانه - محدوده اولیه 0-60 درجه
Shoulder Abduction Isometric - Elbow Extended,ایزومتریک دور شدن شانه - آرنج کشیده شده
Cow Face,صورت گاو
External Rotation. Press and Lower Sequence,چرخش خارجی. فشار دادن و توالی پایین تر
Partial Cow Face,صورت جزئی گاوی
Reverse Fly AROM1,فلای معکوس دامنه حرکتی1
Reverse Fly AROM2,فلای معکوس دامنه حرکتی2
Shoulder Extension Isometric - Elbow Bent,بازشدن شانه ایزومتریک - آرنج خم
Shoulder External Rotation Bilateral,چرخش خارجی شانه دو طرفه
T-Row Sequence,توالی زیر بغل T
Bridge - Single Leg + Shoulder Extension,پل - تک پا + بازشدن شانه
Lat Pull - Side,کشش لت - کنار
Lat Pull - Straight Arm1,کشش لت - بازوی مستقیم 1
Lat Pull - Straight Arm2,کشش لت - بازوی مستقیم 2
Lat Pull - Straight Down1,کشش لت - مستقیم پایین1
Lat Pull - Straight Down2,کشش لت - مستقیم پایین2
Shoulder Internal Rotation Isometric,چرخش داخلی شانه ایزومتریک
Standing Fly - Descending,فلای ایستاده - نزولی
Chest Press - Single leg,پرس سینه - تک پا
Push Up - Knees,شنا - زانو
Push Up,شنا
Shoulder 'W' - Bilateral,شانه 'W' - دو طرفه
Shoulder External Rotation Isometric,چرخش خارجی شانه ایزومتریک
Shoulder Stability (Table),ثبات شانه (جدول)
Shoulder Adduction Isometric,ایزومتریک نزدیک شدن شانه
Shoulder Abduction (Wrist Weight) - Early-Range1,ربودن شانه (وزن مچ دست) - دامنه اولیه1
Shoulder Abduction (Wrist Weight) - Early-Range2,ربودن شانه (وزن مچ دست) - دامنه اولیه2
Shoulder Abduction (Wrist Weight) - Full-Range1,دور شدن شانه (وزن مچ دست) - برد کامل 1
Shoulder Abduction (Wrist Weight) - Full-Range2,دور شدن شانه (وزن مچ دست) - دامنه کامل2
Shoulder Abduction (Wrist Weight) - Late-Range1,دور شدن شانه (وزن مچ دست) - دامنه آخر1
Shoulder Abduction (Wrist Weight) - Late-Range2,دور شدن شانه (وزن مچ دست) - دامنه آخر2
Shoulder Abduction (Wrist Weight) - Mid-Range1,دور شدن شانه (وزن مچ دست) - محدوده متوسط 1
Shoulder Abduction (Wrist Weight) - Mid-Range2,دور شدن شانه (وزن مچ دست) - دامنه وسط2
Shoulder Flexion (Wrist Weight) - Early-Range1,خم شدن شانه (وزن مچ دست) - دامنه اولیه1
Shoulder Flexion (Wrist Weight) - Early-Range2,خم شدن شانه (وزن مچ دست) - دامنه اولیه2
Shoulder Flexion (Wrist Weight) - Full-Range1,خم شدن شانه (وزن مچ دست) - دامنه کامل1
Shoulder Flexion (Wrist Weight) - Full-Range2,خم شدن شانه (وزن مچ دست) - دامنه کامل2
Shoulder Flexion (Wrist Weight) - Late-Range1,خم شدن شانه (وزن مچ دست) - دامنه آخر1
Shoulder Flexion (Wrist Weight) - Late-Range2,خم شدن شانه (وزن مچ دست) - دامنه آخر2
Shoulder Flexion (Wrist Weight) - Mid-Range1,خم شدن شانه (وزن مچ دست) - دامنه وسط1
Shoulder Flexion (Wrist Weight) - Mid-Range2,خم شدن شانه (وزن مچ دست) - دامنه وسط2
Shoulder Flexion Isometric - Elbow Extended,شانه خم شدن ایزومتریک - آرنج کشیده شده
Shoulder Extension Isometric - Elbow Extended,بازشدن شانه ایزومتریک - آرنج کشیده شده
Lower Fiber Traps - Arm Lifts AROM,عضله ذوزنقه فیبر پایین -  دامنه حرکتی بازوها بالا
Lower Fiber Traps Pull Down,پایین کشیدن عضله ذوزنقه فیبر پایین
Prone Hitch-Hikers,کوهنوردان دمر
Scapular Dip (Bench),دیپ کتف (نیمکت)
Scapular Dip + Head Rotation (Bench),دیپ  کتف + چرخش سر (نیمکت)
Scapular Dip + Head Rotation (Chair),دیپ  کتف + چرخش سر (صندلی)
Scapular Dip - Legs Extended (Bench),دیپ  کتف - پاها دراز (نیمکت)
Scapular Dip - Single Arm + Head Rotation,دیپ  کتف - تک بازو + چرخش سر
Scapular Retraction (Wall)1,نزدیک شدن کتف (دیوار) 1
Scapular Retraction (Wall)2,نزدیک شدن  کتف (دیوار) 2
Scapular Retraction - Lumbar Locked,نزدیک شدن کتف - کمر قفل شده
Scapular Retraction1,نزدیک شدن  کتف 1
Scapular Retraction2,نزدیک شدن  کتف 2
Shoulder Row Sequence - W. T. Y. I,توالی زیر بغل - W. T. Y. I
Thoracic Rotation - Hand Behind Head1,چرخش قفسه سینه - دست پشت سر 1
Thoracic Rotation - Hand Behind Head2,چرخش قفسه سینه - دست پشت سر 2
Thoracic Rotation - Hand on Back1,چرخش قفسه سینه - دست روی پشت 1
Thoracic Rotation - Hand on Back2,چرخش قفسه سینه - دست روی پشت 2
Wall Hitch-Hikers,کوهنوردان دیواری
Lower Fiber Traps - Prone + 90° Abduction,عضله ذوزنقه های فیبر پایین - دمر +دور شدن 90 درجه
Shoulder Extension (Wrist Weight),بازشدن شانه (وزن مچ دست)
Dip - Knees Bent,دیپ - زانو خم
Dips - Single Leg (Chair),دیپ - تک پا (صندلی)
Elbow Extension Isometric (Door),بازشدن آرنج ایزومتریک (در)
Elbow Extension Isometric,ایزومتریک بازشدن آرنج
Shoulder Extension (Wrist Weight)1,بازشدن شانه (وزن مچ دست) 1
Shoulder Extension (Wrist Weight)2,بازشدن شانه (وزن مچ دست) 2
Tricep Extension (Wrist Weight)1,بازشدن سه سر (وزن مچ دست) 1
Tricep Extension (Wrist Weight)2,بازشدن سه سر (وزن مچ دست) 2
Tricep Extension - Dips (Blocks),بازشدن سه سر - دیپ (بلوک)
Tricep Extension - Dips (Chair),بازشدن سه سر - دیپ (صندلی)
Tricep Extension-Dips (Chair),بازشدن سه سر - دیپ (صندلی)
Bridge + Single Leg Extension,پل + بازشدن تک پا
Bridge - Towel Slide,پل - لغزیدن حوله
Bridge - Walkout- Hands at Chest,پل - قدم برداشتن - دست در سینه
Bridge - Walkout- Hands at Side,پل - قدم برداشتن - دست ها در کنار
Deadlift - Single Leg + Reach,ددلیفت تک پا دست سافتن
Foot Slide AROM1,دامنه حرکتی لغزیدن پا 1
Foot Slide AROM2,دامنه حرکتی لغزیدن پا 2
Good Mornings (Stick),صبح بخیر (چوب)
Hamstring Bridge - Arms Crossed (Chair),پل همسترینگ - بازوهای ضربدری (صندلی)
Hamstring Bridge - Arms Flat (Chair),پل همسترینگ - بازوهای تخت (صندلی)
Hamstring Curl,حلقه همسترینگ
Isometric Hamstrings - Knee Protected (Brace. Towel),همسترینگ ایزومتریک - محافظت شده از زانو (بریس. حوله)
Knee Flexion - Pelvic Stability Focus,خم شدن زانو - تمرکز بر ثبات لگن
Knee Flexion - Self-Assisted,خم شدن زانو - خود کمکی
Knee Flexion AROM1,خم شدن زانو دامنه حرکتی1
Knee Flexion AROM2,خم شدن زانو دامنه حرکتی2
Prone Knee Flexion - Early Range,خم شدن زانوهای دمر - محدوده اولیه
Prone Knee Flexion - Full Range,خم شدن زانوهای دمر - محدوده کامل
Prone Knee Flexion - Mid Range,خم شدن زانوهای دمر - محدوده متوسط
Stool Scoot,چارپایه اسکوت
Knee Extension Concentric,بازشدن زانو کانسنتریک
Knee Extension Isometric - 45 Degrees,ایزومتریک بازشدن زانو - 45 درجه
Knee Extension Isometric - 90 Degrees,ایزومتریک بازشدن زانو - 90 درجه
Single Leg Squat - Arms and Leg Forward (Box),اسکات تک پا - بازوها و پاها به جلو (جعبه)
Single Leg Squat - Arms and Leg Forward,اسکات تک پا - بازوها و پاها به جلو
Single Leg Squat - Arms Forward (Box),اسکات تک پا - بازوها به جلو (جعبه)
Single Leg Squat - Heel Raised,اسکات تک پا - پاشنه بلند
Single Leg Squat - On Toes,اسکات تک پا - روی انگشتان
Single Leg Squat - Straight Leg,اسکات تک پا - پا صاف
Knee Extension - End Range (VMO),بازشدن زانو - محدوده پایانی (چهارسر)
VMO Activation - Instep Push,فعال سازی چهارسر 
Toe Abduction AROM,دامنه حرکتی دور شدن انگشتان پا
Toe-Towel Pick-Ups,شنا حوله انگشتان پا
Great Toe IP Flexion + Extension PROM,دامنه حرکتی خم و باز شدن بزرگ انگشتان پا
Toe Extension + Dorsiflexion AROM,دامنه حرکتی  بازشدن  + دورسی فلکشن انگشت پا
Toe Flexion + Extension AROM,دامنه حرکتی خم و باز شدن انگشتان پا
Toe-Marble Pick-Ups,بالا آوردن انگشتان پا
Bicep Curl - Single Leg Balance,جلو بازو - تعادل تک پا
Elbow Flexion - Full-Range  (Wrist Weight),خم شدن آرنج - دامنه کامل (وزن مچ دست)
Elbow Flexion - Full-Range (Wrist Weight),خم شدن آرنج - دامنه کامل (وزن مچ دست)
Elbow Flexion - Mid-Range (Wrist Weight)1,خم شدن آرنج - در محدوده متوسط (وزن مچ دست) 1
Elbow Flexion - Mid-Range (Wrist Weight)2,خم شدن آرنج - در محدوده متوسط (وزن مچ دست) 2
Elbow Flexion Isometric - Neutral,خم شدن آرنج ایزومتریک - خنثی
Elbow Flexion Isometric - Pronation,ایزومتریک خم شدن آرنج - پرونیشن
Elbow Flexion Isometric - Supination,خم شدن آرنج ایزومتریک - سوپینیشن
Forearm Supination Isometric,ایزومتریک سوپینیشن ساعد
Shoulder Press (Stick),پرس شانه (چوب)
Triceps Press - Scapular Isolation1,پرس سه سر - ایزوله کتف 1
Triceps Press - Scapular Isolation2,پرس سه سر - کتف ایزوله2
Triceps Press - Scapular Isolation3,پرس سه سر - کتف ایزوله3
Ball Combo I With Cervical Retraction (Cobra),توپ ترکیبی I با نزدیک شدن گردن (کبرا)
Ball Combo I With Cervical Retraction (Scaption),توپ ترکیبی I با نزدیک شدن گردن (حرکت کتفی)
Ball Combo I With Cervical Retraction (T Position),توپ ترکیبی I با نزدیک شدن گردن (موقعیت T)
Ball Combo I With Cervical Retraction,توپ ترکیبی I با نزدیک شدن گردن
Lunge to balance,تعادل لانج
Step up to Balance,تعادل روی استپ
Single-leg balance reach. frontal plane,رسیدن به تعادل تک پا. صفحه جلویی
Single-leg balance reach. sagittal plane,رسیدن به تعادل تک پا. صفحه سهمی
Single-leg balance reach. transverse plane,رسیدن به تعادل تک پا. صفحه عرضی
Single-leg squat,اسکات تک پا
Ball squat to overhead press,اسکات توپ به پرس بالای سر
Hop w-stabilization,هاپ w-تثبیت کننده
Lateral tube  walking,راه رفتن با لوله جانبی
Lunge to overhead press,لانچ با فشار بالای سر
Single -arm row to arrow position-start,تک موقعیت دست پارو به پیکان-شروع
Single-arm row to arrow position -finish,تک موقعیت دست پارو به پیکان-پایان
Single-Leg Balance reach-sagittal plane,تعادل تک پا - صفحه سهمی
single-leg balance w-multi-palanar reach  frontal,تعادل تک پا w-چند صفحه ای رسیدن به جلو
Single-leg balance w-multi-planar reach transverse,تعادل تک پا w-چند صفحه ای رسیدن عرضی
Single-leg Romanian dead-lift to PNF pattern,الگوی حرکت رومانیایی تک پا تا PNF
Single-leg squat to overhead press,اسکات تک پا تا پرس بالای سر
Squat to Row,اسکات تا پارویی
Step up to overhead press,بالا رفتن از استپ با پرس بالای سر
Step up with cable press,بالا رفتن از استپ با فشار کابل
Ball Squat to Overhead Press,اسکوات توپ به پرس بالای سر
Single-Leg Romanian Deadlift with PNF Pattern,ددلیفت رومانیایی تک پا با الگوی PNF
Standing One-Arm Cable Chest Press,پرس سینه کابل تک دست ایستاده
Child's Pose + Lateral Flexion,ژست کودک + خم شدن جانبی
Child's Pose - Arms at Side,ژست کودک - بازوها در کنار
Child's Pose - On Elbows,ژست کودک - روی آرنج
Child's Pose,ژست کودک
Firelog,فایرلاگ
Forward Bend + Twist - Wide Leg,خم به جلو + چرخش - پا عریض
Forward Bend - Long Sitting,خم به جلو - نشستن طولانی
Forward Bend - Wide Leg,خم به جلو - پا عریض
Forward Fold  Hands Under Feet,تا کردن به جلو - دست ها زیر پاها
Forward Fold - Arms Folded,تا کردن به جلو - بازوهای جمع شده
Forward Fold - Hands Behind Knees,تا کردن به جلو - دست ها پشت زانو
Forward Fold - Toe Grab,تا کردن به جلو - گرفتن انگشت پا
Forward Fold Standing,ایستاده تاشو به جلو
Forward Fold To Halfway Lift- Hands Under Feet,تا کردن به جلو تا نیمه راه بالابردن - دست ها زیر پا
Hamstring Stretch - Single Leg,کشش همسترینگ - تک پا
Knee to Chest - Double Leg,زانو تا سینه - دو پا
Knees to Chest - Double Leg1,زانو تا سینه - دو پا 1
Knees to Chest - Double Leg2,زانو تا سینه - دو پا ۲
Paraspinal Stretch,کشش پارا سپاینال
Rabbit (Forward Bend),خرگوش (خم به جلو)
Spine Stretch - Forward Bend (Wall),کشش ستون فقرات - خم شدن به جلو (دیوار)
Spine Stretch - Forward Bend,کشش ستون فقرات - خم شدن به جلو
Standing Head To Knee - Straight Knee,سر تا زانو ایستاده - زانوی راست
Bridge - Single Leg + Shoulder Extension,پل - تک پا + اکستنشن شانه
Clamshell - Multifidus,تاشو - مولتیفیدوس
Four Point + Arm and Leg Raise (Stick),چهار دست پا + بالا بردن دست و پا (چوب)
Four Point + Arm and Leg Raise - Alphabet,چهار دست پا + بالا بردن دست و پا - الفبا
Four Point + Arm and Leg Raise - Same Side,چهار دست پا + بالا بردن دست و پا - همان سمت
Four Point + Arm and Leg Raise1,چهار دست پا + بالا بردن دست و پا 1
Four Point + Arm and Leg Raise2,چهار دست پا + بالا بردن دست و پا 2
Four Point + Arm and Leg Raise3,چهار دست پا + بلند کردن دست و پا 3
Four Point + Arm Raise (Stick),چهار دست پا + بالا بردن دست (چوب)
Four Point + Arm Raise1,چهار دست پا + بلند کردن دست 1
Four Point + Arm Raise2,چهار دست پا + بلند کردن دست 2
Four Point + Hip Abduction (Stick),چهار دست پا +  دور شدن ران (چوب)
Four Point + Hip Abduction,چهار دست پا +  دور شدن ران 
Four Point + Leg Raise (Stick),چهار دست پا + بلند کردن پا (چوب)
Four Point + Leg Raise - Bent Knee1,چهار دست پا + بلند کردن پا - زانو خم 1
Four Point + Leg Raise - Bent Knee2,چهار دست پا + بلند کردن پا - زانو خم 2
Four Point + Leg Raise - Knees Raised High,چهار دست پا + بلند کردن پا - زانوها زیاد بالا آمده
Four Point + Leg Raise - Knees Raised,چهار دست پا + بلند کردن پا - زانوها بالا آمده
Four Point + Leg Raise1,چهار دست پا + بلند کردن پا 1
Four Point + Leg Raise2,چهار دست پا + بلند کردن پا 2
Four Point + Opposite Hand and Knee Lift (Stick),چهار دست پا + لیفت دست و زانو مخالف (چوب)
Four Point + Opposite Hand and Knee Lift,چهار دست پا + لیفت دست و زانو مخالف
Four Point + Separate Hand and Knee Lift,چهار دست پا + لیفت دست و زانو مجزا
Four Point + Shoulder and Hip Abduction (Stick),چهار دست پا + دور شدن شانه و لگن (چوب)
Four Point + Shoulder and Hip Abduction,چهار دست پا + دور شدن شانه و لگن
Four Point + Shoulder Horizontal Abduction (Stick),چهار دست پا + دور شدن شانه افقی (چوب)
Four Point + Shoulder Horizontal Abduction1,چهار دست پا + دور شدن شانه افقی 1
Four Point + Shoulder Horizontal Abduction2,چهار دست پا + دور شدن شانه افقی 2
Four Point - Separate Hand + Knee Lift (Stick),چهار دست پا - دست جداگانه + لیفت زانو (چوب)
Four Point Arm + Leg Raise - Knees Raised,چهار دست پا بازو + بلند کردن ساق پا - زانوها بلند شده
Airplane - Early Range,هواپیما - دامنه اولیه
Airplane - Supported (Chair),هواپیما - پشتیبانی شده (صندلی)
Back Squat (Stick),اسکات پشت (چوب)
Chair Squat (Chair),اسکات صندلی (صندلی)
Deadlift - Single Leg - Star Drill,ددلیفت - تک پا - مهارت ستاره
Deadlift - Stiff-Legged (Stick),ددلیفت - پاهای سفت (چوب)
Deadlift Technique (Stick),تکنیک دد لیفت (چوب)
Deep Squat (Chair),اسکات عمیق (صندلی)
Deep Squat - Heels Raised (Chair),اسکات عمیق - پاشنه بلند (صندلی)
Four Point + Arm and Leg Raise (Stick),چهار دست پا + بالا بردن دست و پا (چوب)
Four Point + Arm and Leg Raise - Same Side,چهار دست پا + بالا بردن دست و پا - همان سمت
Four Point + Arm and Leg Raise,چهار دست پا + بالا بردن دست و پا
Four Point + Arm Raise (Stick),چهار دست پا + بالا بردن بازو (چوب)
Four Point + Arm Raise,چهار دست پا + بالا بردن بازو
Four Point + Hip Abduction (Stick),چهار دست پا + دور شدن ران (چوب)
Four Point + Hip Abduction,چهار دست پا + دور شدن ران
Four Point + Leg Raise (Stick),چهار دست پا + بلند کردن پا (چوب)
Four Point + Leg Raise,چهار دست پا + بلند کردن پا
Four Point + Opposite Hand and Knee Lift (Stick),چهار دست پا + لیفت دست و زانو مخالف (چوب)
Four Point + Opposite Hand and Knee Lift,چهار دست پا + لیفت دست و زانو مخالف
Four Point + Separate Hand and Knee Lift,چهار دست پا + لیفت دست و زانو مجزا
Four Point + Shoulder and Hip Abduction (Stick),چهار دست پا + دور شدن شانه و لگن (چوب)
Four Point + Shoulder and Hip Abduction,چهار دست پا + دور شدن شانه و لگن
Four Point + Shoulder Horizontal Abduction (Stick),چهار دست پا + دور شدن افقی شانه و لگن (چوب)
Four Point + Shoulder Horizontal Abduction1,چهار دست پا + دور شدن شانه افقی 1
Four Point + Shoulder Horizontal Abduction2,چهار دست پا + دور شدن شانه افقی 2
Four Point - Separate Hand + Knee Lift (Stick),چهار دست پا - لیفت دست + زانو جداگانه (چوب)
Front Squat (Stick),اسکوات جلو (چوب)
Front Squat Form,فرم اسکوات جلو
Lateral Squat - Arms Forward,اسکات جانبی - بازوها به جلو
Lunge to 'A' Stance,"لانج به موضع ""A"" ایستاده"
Overhead Squat - Heels Raised (Stick),اسکات بالای سر - پاشنه بلند (چوب)
Single Leg Squat + Knee Drive,اسکات تک پا + زانو جمع
Squat - Arms Forward,اسکات - بازوها به جلو
Squat - Arms Inline with Trunk,اسکات - بازوها در خط با تنه
Squat - Arms Neutral,اسکات - بازوهای خنثی
Squat - Hands Behind Head,اسکات - دست ها پشت سر
Squat,اسکات
